-- phpMyAdmin SQL Dump
-- version 4.0.10deb1
-- http://www.phpmyadmin.net
--
-- Host: localhost
-- Generation Time: Aug 21, 2015 at 10:05 PM
-- Server version: 5.5.44-0ubuntu0.14.04.1
-- PHP Version: 5.5.9-1ubuntu4.11

SET SQL_MODE = "NO_AUTO_VALUE_ON_ZERO";
SET time_zone = "+00:00";


/*!40101 SET @OLD_CHARACTER_SET_CLIENT=@@CHARACTER_SET_CLIENT */;
/*!40101 SET @OLD_CHARACTER_SET_RESULTS=@@CHARACTER_SET_RESULTS */;
/*!40101 SET @OLD_COLLATION_CONNECTION=@@COLLATION_CONNECTION */;
/*!40101 SET NAMES utf8 */;

--
-- Database: `WeddingRSVP`
--

-- --------------------------------------------------------

--
-- Table structure for table `guestList`
--

CREATE TABLE IF NOT EXISTS `guestList` (
  `guestID` int(11) NOT NULL AUTO_INCREMENT,
  `title` varchar(20) NOT NULL,
  `firstName` varchar(128) NOT NULL,
  `middleName` varchar(128) NOT NULL,
  `lastName` varchar(128) NOT NULL,
  `addressID` int(11) NOT NULL,
  `qrKey` varchar(5) NOT NULL,
  PRIMARY KEY (`guestID`)
) ENGINE=InnoDB  DEFAULT CHARSET=latin1 AUTO_INCREMENT=267 ;

--
-- Dumping data for table `guestList`
--

INSERT INTO `guestList` (`guestID`, `title`, `firstName`, `middleName`, `lastName`, `addressID`, `qrKey`) VALUES
(27, 'Mrs.', 'Ainsley', '', 'Jacobs', 68, '0602a'),
(28, 'Mr.', 'Michal', '', 'Drogowski', 56, '00e6d'),
(29, 'Mrs.', 'Amie', '', 'Halat', 57, 'eab57'),
(30, 'Mr.', 'Joseph', '', 'Halat', 57, '29462'),
(31, 'Ms.', 'Nicole', '', 'Fischer', 71, '9877c'),
(32, 'Mr.', 'Alexander', '', 'Fenwick', 71, 'd217e'),
(33, 'Mrs.', 'Ashley', '', 'Havecker', 72, '5d795'),
(34, 'Mr.', 'Christian', '', 'Havecker', 72, '44e89'),
(35, 'Ms.', 'Sara', '', 'Ferenchak', 73, 'ae39a'),
(36, 'Mr.', 'Timothy', '', 'O''Donnell', 73, '26c79'),
(37, 'Ms.', 'Ashley', '', 'Teague', 74, '9bec4'),
(38, 'Mr.', 'David', '', 'DeRienzo', 74, 'bbfa4'),
(39, 'Ms.', 'Abigail', '', 'McCaffery', 75, '6e81a'),
(40, 'Mr.', 'Nicholas', '', 'Kladivko', 76, 'f405e'),
(41, 'Ms.', 'Abigail', '', 'Deniken', 76, '036e5'),
(42, 'Ms.', 'Heather', '', 'McCaffery', 77, 'a2e26'),
(43, 'Mrs.', 'Carly', '', 'Longhenry', 78, 'e16ae'),
(44, 'Mr.', 'Jamie', '', 'Longhenry', 78, 'c1b01'),
(45, 'Ms.', 'Patricia', '', 'Lindros', 79, '5a442'),
(46, 'Mr.', 'John', '', 'Bizub', 63, '3b9ab'),
(47, 'Mr.', 'Anthony', '', 'Spinella', 81, '8c635'),
(48, 'Mrs.', 'Diane', '', 'Spinella', 81, 'd9d1e'),
(49, 'Mr.', 'Eugene', '', 'Moccia', 82, '6c82e'),
(50, 'Mrs.', 'Beatrice', '', 'Moccia', 82, 'c81d3'),
(51, 'Ms.', 'Dorothy', '', 'Gallagher', 83, '3a205'),
(52, 'Mr.', 'James', '', 'Kern', 83, 'ec023'),
(53, 'Ms.', 'Gwendolyn', '', 'Plaza', 84, '32cac'),
(54, 'Mr.', 'Scott', '', 'McGuirl', 84, '1d31c'),
(55, 'Ms.', 'Danielle', '', 'Giancone', 85, 'f61cc'),
(56, 'Mr.', 'Steven', '', 'Jones', 85, 'c0ee8'),
(57, 'Mr.', 'Jimmy', '', 'Giancone', 86, 'da2ca'),
(58, 'Ms.', 'Dorian', '', 'Langhorn', 87, '0a936'),
(59, 'Ms.', 'Dana', '', 'Lawrence', 88, '265b1'),
(60, 'Mrs.', 'Lynette', '', 'Cardona ', 89, '9e107'),
(61, 'Mr.', 'Ricardo', '', 'Cardona', 89, '9eacb'),
(62, 'Mr.', 'William', '', 'Clauss', 75, 'efe87'),
(63, 'Mr.', 'Ryan', '', 'Clark', 87, '47a5a'),
(64, 'Mrs.', 'Cathleen', '', 'Adams', 90, 'aac12'),
(65, 'Mr.', 'Matthew', '', 'Adams', 90, '563dd'),
(66, 'Mr.', 'Paul', '', 'Giancone', 91, 'd07b2'),
(67, 'Ms.', 'Tammy', '', 'McGinness', 91, 'c4037'),
(68, 'Mr.', 'William', '', 'Bizub', 92, 'd7cd7'),
(69, 'Mrs.', 'Barbara', '', 'Bizub', 92, '0af64'),
(70, 'Mr.', 'Jonathan', '', 'Lindros', 93, 'e3bf2'),
(71, 'Mrs.', 'Melissa', '', 'Lindros', 93, 'd8a65'),
(72, 'Mr.', 'Vignesh', '', 'Asokan', 94, '26cd0'),
(73, 'Mrs.', 'Jenna', '', 'Asokan', 94, 'c2945'),
(75, 'Mr.', 'Alexander', '', 'Meseguer', 96, '46f45'),
(76, 'Mrs.', 'Alix', '', 'Claps', 96, '5ccf6'),
(77, 'Mr.', 'Gary', '', 'Lindros', 64, '8680e'),
(78, 'Mrs.', 'Ellen', '', 'Lindros', 64, '3b4ac'),
(79, 'Mr.', 'John', '', 'Daley', 98, '82c54'),
(80, 'Mrs.', 'Melissa', '', 'Daley', 98, '0202b'),
(82, 'Mr.', 'William', '', 'Bizub', 99, '4018b'),
(83, 'Mrs.', 'AnnMarie', '', 'Bizub', 99, '5c38f'),
(84, 'Mr.', 'David', '', 'Tomasheski', 65, 'e88cf'),
(85, 'Mrs.', 'Sara', '', 'Tomasheski', 65, 'a374a'),
(86, 'Mr.', 'Won', '', 'Cha', 102, 'ca2b0'),
(88, 'Mr.', 'Manuel', '', 'Rodriguez', 104, '95025'),
(90, 'Mr.', 'Devin', '', 'Pollaro', 106, '06fb4'),
(91, 'Ms.', 'Danielle', '', 'Proscia', 106, 'fb9ce'),
(92, 'Mr.', 'Harry', '', 'Pollaro', 107, '614fb'),
(93, 'Mrs.', 'Diane', '', 'Pollaro', 107, 'b58fa'),
(94, 'Mr.', 'Erik', '', 'Anderson', 108, '5e058'),
(95, 'Mr.', 'Thuan', '', 'Tran', 109, '53b00'),
(96, 'Mr.', 'Ronny', '', 'Mathew', 110, 'b061d'),
(97, 'Mr.', 'Dan', '', 'Henri', 111, 'd6398'),
(98, 'Mr.', 'Bernard', '', 'Alexis', 112, '4f6d6'),
(99, 'Mrs.', 'Sandra', '', 'Alexis', 112, 'f4e8b'),
(100, 'Mr.', 'Erik', '', 'Jacobs', 68, '06c5f'),
(101, 'Mr.', 'Jon', '', 'Via', 113, '1aca9'),
(102, 'Mr.', 'Michael', '', 'Vogel', 67, '95f7a'),
(103, 'Mrs.', 'Alissa', '', 'Vogel', 67, 'be001'),
(104, 'Mr.', 'Tomas', '', 'Hallgren', 115, '87947'),
(105, 'Mr.', 'Kevin', '', 'Fernandez', 116, 'e7fc1'),
(107, 'Mrs.', 'Kathleen', '', 'Fernandez', 116, '07c39'),
(108, 'Mr.', 'David', '', 'Kong', 118, '07f35'),
(109, 'Mrs.', 'Erika', '', 'Kong', 118, 'ddb4b'),
(110, 'Mr.', 'John', '', 'Rippert', 119, '969d2'),
(111, 'Mrs.', 'Diane', '', 'Rippert', 119, '88fba'),
(112, 'Mr.', 'Jerry', '', 'Stockmal', 120, '054ac'),
(113, 'Mrs.', 'Lorraine', '', 'Stockmal', 120, '188bf'),
(114, 'Ms.', 'Deborah', '', 'Szurley', 121, '09ba1'),
(115, 'Mrs.', 'Arlene', '', 'Gerstenmaier', 122, '330a3'),
(116, 'Mr.', 'Edward', '', 'Kovar', 122, '1888a'),
(117, 'Ms.', 'Alana', '', 'Shear', 123, 'fa180'),
(118, 'Mrs.', 'Norma', '', 'Giancone', 124, 'e921b'),
(119, 'Mr.', 'Salvatore', '', 'Giancone', 124, 'dbede'),
(120, 'Mrs.', 'Charlotte', '', 'Waters', 125, '03dc4'),
(121, 'Mr.', 'James', '', 'Waters', 125, '6f377'),
(122, 'Mr.', 'Andre', '', 'Laporte', 126, '1fc5d'),
(123, 'Mr.', 'Ajai', '', 'Bhatnagar', 3, '1e742'),
(124, 'Mrs.', 'Anju', '', 'Bhatnagar', 3, '6d691'),
(125, 'Mrs.', 'Bonnie', '', 'McCaffery', 128, '10cee'),
(126, 'Mr.', 'Michael', '', 'McCaffery', 128, 'b217b'),
(127, 'Mr.', 'Buddy', '', 'Homefield', 129, '52a68'),
(128, 'Dr.', 'Thomas', '', 'Molinaro', 130, 'a4bf9'),
(129, 'Mrs.', 'Jillian', '', 'Molinaro', 130, 'e1a25'),
(130, 'Mrs.', 'Ashley', '', 'Henninger', 131, '1e428'),
(131, 'Mrs.', 'Jennifer', '', 'Shaver', 131, '024a3'),
(132, 'Mr.', 'Dima', '', 'Kurki', 133, 'a7548'),
(133, 'Mrs.', 'Oksana', '', 'Kurki', 133, 'b8bd2'),
(134, 'Mrs.', 'Jacqueline', 'A.', 'Harvey', 134, 'c31ee'),
(135, 'Mr.', 'Pete', '', 'Velez', 135, '48f1d'),
(136, 'Mr.', 'Sean', '', 'Fleming', 136, '88001'),
(137, 'Mr.', 'Eleftherios', 'E.', 'Koutsofios', 137, '2f00a'),
(138, 'Ms.', 'Erin', '', 'Krempecki', 138, 'd6152'),
(139, 'Mr.', 'Trung', '', 'Thai', 139, '032b3'),
(140, 'Mr.', 'James', '', 'Bellando', 140, 'b8d37'),
(141, 'Mr.', 'Nishant', '', 'Patel', 141, '4b33b'),
(142, 'Mr.', 'Gerard', '', 'Gingco', 142, '0b9ee'),
(143, 'Mrs.', 'Gellian', '', 'Gingco', 142, '14e03'),
(144, 'Mrs.', 'Megha', '', 'Sharma', 143, 'ebb30'),
(145, 'Mr.', 'Pranav', '', 'Sharma', 143, '52927'),
(146, 'Mr.', 'Bill', '', 'Boyajian', 144, 'f64b9'),
(147, 'Mr.', 'Ross', '', 'Joswick', 145, '6f280'),
(148, 'Mrs.', 'Rajani', '', 'Venugopal', 146, '6b325'),
(149, 'Mr.', 'David', '', 'Joswick', 147, '8bf26'),
(150, 'Ms.', 'Jackie', '', 'Flechtner', 148, 'cc76d'),
(151, 'Mr.', 'Howard', '', 'Shaver', 131, '49c95'),
(152, 'Mr.', 'Dan', '', 'Henninger', 131, '7ab1b'),
(153, 'Mr.', 'Abimael', '', 'Rodriguez', 149, '96cbd'),
(154, 'Mrs.', 'Maritza', '', 'Rodriguez', 149, '97b32'),
(155, 'Ms.', 'Grissette', '', 'Rodriguez', 149, '4e614'),
(157, 'Mr.', 'Luis', '', 'Rodriguez', 149, '90544'),
(158, 'Mr.', 'Rengaswamy', '', 'Asokan', 95, '67405'),
(159, 'Mrs.', 'Ezhilrani', '', 'Asokan', 95, 'e7397'),
(160, 'Mr.', 'Vimal', '', 'Asokan', 95, '47b75'),
(161, 'Ms.', 'Deepa', '', 'Asokan', 95, '7698f'),
(162, 'Mr.', 'James', '', 'Ren', 150, '16d13'),
(163, 'Mrs.', 'Izabella', '', 'Brooks', 151, '5b40a'),
(164, 'Mr.', 'Gregory', 'M.', 'Brooks', 151, 'ea376'),
(165, 'Ms.', 'Mish', '', 'Kim', 152, 'd36b2'),
(166, 'Ms.', 'Marijana', '', 'Gucunski', 153, 'd19f5'),
(167, 'Ms.', 'Magdalena', '', 'Galik', 154, '36cdb'),
(168, 'Ms.', 'Kimberlyn', '', 'Brzozowski', 155, '86a65'),
(169, 'Mr.', 'Anthony', '', 'Jones', 155, '04332'),
(170, 'Mr.', 'Sarkis', '', 'Agopcan', 156, 'be10b'),
(171, 'Mrs.', 'Catherine', '', 'Agopcan', 156, '6c3d5'),
(172, 'Mr.', 'Sunil', '', 'Ayyagari', 157, '755e0'),
(173, 'Mr.', 'John', '', 'Kim', 152, 'c0e92'),
(174, 'Mrs.', 'Rani', '', 'Govil', 158, 'f527d'),
(175, 'Mrs.', 'Poornima', '', 'Govil', 158, '55a11'),
(176, 'Mr.', 'Ajay', '', 'Govil', 158, '244c2'),
(177, 'Mrs.', 'Archna', '', 'Govil', 158, 'e88ec'),
(178, 'Mr.', 'Deepak', '', 'Govil', 158, '76f9a'),
(179, 'Ms.', 'Deeksha', '', 'Govil', 158, '77a53'),
(180, 'Ms.', 'Arushi', '', 'Govil', 158, '2c39c'),
(181, 'Ms.', 'Chitra', '', 'Choudhry', 159, '4e01f'),
(182, 'Mrs.', 'Geetika', '', 'Choudhry', 159, '3ec31'),
(183, 'Mr.', 'Sandeep', '', 'Choudhry', 159, 'f8c8e'),
(184, 'Mr.', 'Nipun', '', 'Choudhry', 159, 'e5f25'),
(185, 'Mrs.', '', '', 'Aggarwal', 160, '92063'),
(186, 'Mr.', 'Subhash', '', 'Aggarwal', 160, '4e4dc'),
(187, 'Mrs.', 'Anuja', '', 'Bhatnagar', 161, 'ae957'),
(188, 'Mr.', 'Vijay', '', 'Bhatnagar', 161, 'ba264'),
(189, 'Mr.', 'Dhruv', '', 'Bhatnagar', 161, '69c91'),
(190, 'Mr.', 'Uday', '', 'Bhatnagar', 161, '26893'),
(191, 'Mrs.', 'Mohini', '', 'Singh', 162, '07ba1'),
(192, 'Mr.', 'Rabinder', '', 'Singh', 162, '6f6cc'),
(193, 'Mrs.', 'Rakhee', '', 'Singh', 162, '65678'),
(194, 'Mr.', 'Kiranjeet', '', 'Singh', 162, '36491'),
(195, 'Ms.', 'Kusum', '', 'Chawla', 163, '44073'),
(196, 'Mrs.', 'Arushi', '', 'Dhillon', 164, '9fb1f'),
(197, 'Mr.', 'Ranjit', '', 'Dhillon', 164, '1b62c'),
(198, 'Mrs.', '', '', 'Khosla', 165, 'b22b2'),
(199, 'Dr.', 'Manjula', '', 'Khosla', 165, 'aafff'),
(200, 'Dr.', 'Anup', '', 'Khosla', 165, '1e1c4'),
(201, 'Mrs.', 'Divya', '', 'Agarwal', 166, '6734c'),
(202, 'Mr.', 'Chanchal', '', 'Agarwal', 166, 'edf75'),
(203, 'Mr.', 'Karan', '', 'Sachdev', 167, '8e8e4'),
(204, 'Mrs.', 'Dipti', '', 'Khosla', 167, '26ef7'),
(205, 'Ms.', 'Meena', '', 'Kapoor', 168, '8dc28'),
(206, 'Ms.', 'Uma', '', 'Bhatnagar', 169, '6c573'),
(207, 'Mrs.', 'Shoba', '', 'Bhatnagar', 170, 'e045f'),
(208, 'Mr.', 'J. S.', '', 'Bhatnagar', 170, '747cc'),
(209, 'Mrs.', 'Meeta', '', 'Bhatnagar', 170, '5bde9'),
(210, 'Mr.', 'Ashish', '', 'Bhatnagar', 170, 'd973d'),
(211, 'Mrs.', '', '', 'Sengupta', 171, 'c451f'),
(212, 'Mrs.', 'Anindita', '', 'Kishore', 171, '18ab7'),
(213, 'Dr.', '', '', 'Kishore', 171, '1b57d'),
(214, 'Mr.', 'Bhaskar', '', 'Kishore', 171, '3d831'),
(215, 'Dr.', 'Anita', '', 'Sharma', 172, '51ad8'),
(216, 'Dr.', 'Ashok', '', 'Sharma', 172, '0a861'),
(217, 'Mrs.', 'Madhu', '', 'Bhatnagar', 173, '75370'),
(218, 'Mr.', 'Vikram', '', 'Bhatnagar', 173, 'df550'),
(219, 'Mr.', 'Varun', '', 'Bhatnagar', 173, '2deff'),
(220, 'Mr.', 'Sumeet', '', 'Bhatnagar', 173, 'c34ea'),
(221, 'Dr.', 'Rajni', '', 'Saksena', 174, '4c722'),
(222, 'Mr.', 'Akhil', '', 'Saksena', 174, '17b5f'),
(223, 'Dr.', 'Anuraag', '', 'Saksena', 174, '05999'),
(224, 'Dr.', 'Anshuman', '', 'Saksena', 174, '42b6e'),
(225, 'Mrs.', 'Lisa', '', 'Chanana', 175, 'dc4ef'),
(226, 'Dr.', 'Gurmukh', '', 'Chanana', 175, 'be1bb'),
(227, 'Miss', 'Mahima', '', 'Chanana', 175, '3c41d'),
(228, 'Mrs.', 'Priya', '', 'Bhatnagar', 176, '9409c'),
(229, 'Mr.', 'Alex', '', 'Driver', 176, '535fc'),
(230, 'Mr.', 'Brijendra', '', 'Bhatnagar', 177, '0b608'),
(231, 'Doctor', 'Sonia', '', 'Bhatnagar', 177, '554c5'),
(232, 'Mr.', 'Piyush', '', 'Bhatnagar', 177, '6e6e3'),
(233, 'Ms.', 'Reenu', '', 'Bhatnagar', 177, '37394'),
(234, 'Doctor', 'Niroo', '', 'Gupta', 178, '38e01'),
(235, 'Mr.', 'N.', 'K.', 'Gupta', 178, '552e3'),
(236, 'Mrs.', 'Shreesha', '', 'Gupta', 178, '3ed4f'),
(237, 'Mr.', 'Ashim', '', 'Gupta', 178, 'cb641'),
(238, 'Dr.', 'Monisha', '', 'Iyer', 179, '0a72a'),
(239, 'Dr.', 'Sathish', '', 'Iyer', 179, 'f6497'),
(240, 'Mrs.', 'Suchi', '', 'Khanna', 180, '5f1ed'),
(241, 'Mr.', 'Vikas', '', 'Khanna', 180, '10f7b'),
(242, 'Ms.', 'Samantha', '', 'Petner', 181, '23581'),
(243, 'Mr.', 'Alex', '', 'Ribaudo', 181, '69b6d'),
(244, 'Mrs.', 'Maanasii', '', 'Nair', 182, '25ab0'),
(245, 'Mr.', 'Anu', '', 'Nair', 182, '9c765'),
(248, 'Mrs.', 'Suseela', '', 'Chandramohanan', 183, '10bab'),
(249, 'Mr.', 'P.R.', '', 'Chandramohanan', 183, '61369'),
(250, 'Mrs.', 'Sushma', '', 'Gupta', 184, '75694'),
(251, 'Mr.', 'Ashwini', '', 'Gupta', 184, '5011c'),
(252, 'Smt.', 'Krishna', '', 'Dubey', 185, '3a892'),
(253, 'Mr.', 'Michael', '', 'Hayes', 149, '1d75e'),
(254, 'Mr.', 'Shaurya', '', 'Chanana', 175, '604fd'),
(255, 'Mr.', 'Arif', '', 'Bilgin', 186, 'a6ee8'),
(256, 'Mr.', 'Gur', 'Dayal', 'Prasad', 187, '8b75d'),
(257, 'Mrs.', '', '', 'Prasad', 187, '575c6'),
(258, 'Dr.', 'Namrata', '', 'Chanana', 187, 'a75b1'),
(259, 'Dr.', 'Ravi', '', 'Chanana', 187, 'afc72'),
(260, 'Mrs.', 'Manju', '', 'Bhatnagar', 188, '3fd9d'),
(261, 'Mr.', 'S.K.', '', 'Bhatnagar', 188, '87cc3'),
(262, 'Mr.', 'Sameer', '', 'Bhatnagar', 188, '4909b'),
(263, 'Mrs.', 'Amee', '', 'Desai', 189, 'bbcfd'),
(264, 'Mr.', 'Vipul', '', 'Desai', 189, 'f7592'),
(265, 'Mr.', 'Jeff', 'Smash', 'Jaskot', 190, '60fe4'),
(266, 'Ms.', 'Julie', '', 'Shugarman', 113, '7ad50');

-- --------------------------------------------------------

--
-- Table structure for table `guestProperty`
--

CREATE TABLE IF NOT EXISTS `guestProperty` (
  `propertyID` int(11) NOT NULL,
  `guestID` int(11) NOT NULL
) ENGINE=InnoDB DEFAULT CHARSET=latin1;

--
-- Dumping data for table `guestProperty`
--

INSERT INTO `guestProperty` (`propertyID`, `guestID`) VALUES
(8, 140),
(11, 140),
(9, 90),
(10, 90),
(11, 90),
(2, 90),
(6, 90),
(9, 91),
(10, 91),
(11, 91),
(2, 91),
(6, 91),
(11, 27),
(2, 27),
(8, 28),
(9, 28),
(10, 28),
(11, 28),
(2, 28),
(6, 28),
(9, 29),
(10, 29),
(11, 29),
(2, 29),
(6, 29),
(9, 30),
(10, 30),
(11, 30),
(2, 30),
(9, 31),
(10, 31),
(11, 31),
(2, 31),
(6, 31),
(9, 32),
(10, 32),
(11, 32),
(2, 32),
(9, 33),
(10, 33),
(11, 33),
(2, 33),
(6, 33),
(9, 34),
(10, 34),
(11, 34),
(2, 34),
(9, 35),
(10, 35),
(11, 35),
(2, 35),
(6, 35),
(9, 36),
(10, 36),
(11, 36),
(2, 36),
(11, 37),
(11, 38),
(11, 40),
(11, 41),
(8, 42),
(11, 42),
(11, 43),
(11, 44),
(8, 45),
(11, 45),
(8, 46),
(9, 46),
(10, 46),
(11, 46),
(2, 46),
(6, 46),
(11, 47),
(11, 48),
(11, 49),
(11, 50),
(9, 51),
(10, 51),
(11, 51),
(2, 51),
(6, 51),
(9, 52),
(10, 52),
(11, 52),
(2, 52),
(11, 53),
(11, 54),
(11, 55),
(11, 56),
(8, 57),
(11, 57),
(11, 58),
(8, 59),
(11, 59),
(11, 60),
(11, 61),
(11, 62),
(11, 63),
(11, 64),
(11, 65),
(11, 66),
(11, 67),
(11, 68),
(11, 69),
(11, 70),
(11, 71),
(9, 72),
(10, 72),
(11, 72),
(2, 72),
(6, 72),
(9, 73),
(10, 73),
(11, 73),
(2, 73),
(9, 75),
(10, 75),
(11, 75),
(9, 76),
(10, 76),
(11, 76),
(11, 77),
(11, 78),
(11, 79),
(11, 80),
(11, 82),
(11, 83),
(11, 84),
(11, 85),
(8, 150),
(11, 150),
(8, 149),
(11, 149),
(8, 148),
(11, 148),
(8, 147),
(11, 147),
(8, 146),
(11, 146),
(11, 143),
(11, 142),
(8, 141),
(11, 141),
(8, 139),
(11, 139),
(8, 138),
(11, 138),
(8, 137),
(11, 137),
(8, 136),
(11, 136),
(8, 135),
(11, 135),
(8, 134),
(11, 134),
(11, 133),
(11, 132),
(11, 151),
(11, 152),
(11, 130),
(11, 131),
(11, 129),
(11, 126),
(11, 125),
(9, 124),
(10, 124),
(11, 124),
(2, 124),
(6, 124),
(9, 123),
(10, 123),
(11, 123),
(2, 123),
(6, 123),
(8, 122),
(11, 122),
(11, 121),
(11, 120),
(11, 119),
(11, 118),
(8, 117),
(11, 117),
(11, 116),
(11, 115),
(8, 86),
(11, 86),
(11, 39),
(11, 92),
(11, 153),
(11, 154),
(11, 156),
(8, 157),
(11, 157),
(11, 158),
(11, 159),
(8, 160),
(11, 160),
(8, 161),
(11, 161),
(8, 162),
(11, 162),
(11, 164),
(11, 165),
(8, 166),
(11, 166),
(8, 167),
(11, 167),
(11, 168),
(11, 169),
(11, 170),
(11, 171),
(8, 172),
(11, 172),
(11, 173),
(9, 174),
(10, 174),
(11, 174),
(9, 175),
(10, 175),
(11, 175),
(9, 176),
(10, 176),
(11, 176),
(9, 177),
(10, 177),
(11, 177),
(9, 178),
(10, 178),
(11, 178),
(9, 182),
(10, 182),
(11, 182),
(9, 183),
(10, 183),
(11, 183),
(9, 184),
(10, 184),
(11, 184),
(11, 185),
(9, 187),
(10, 187),
(11, 187),
(9, 191),
(10, 191),
(11, 191),
(9, 192),
(10, 192),
(11, 192),
(9, 193),
(10, 193),
(11, 193),
(9, 194),
(10, 194),
(11, 194),
(9, 196),
(10, 196),
(11, 196),
(9, 197),
(10, 197),
(11, 197),
(8, 206),
(11, 206),
(9, 222),
(10, 222),
(11, 222),
(9, 225),
(10, 225),
(11, 225),
(9, 227),
(10, 227),
(11, 227),
(11, 228),
(11, 229),
(11, 230),
(11, 231),
(11, 232),
(11, 233),
(11, 234),
(11, 235),
(11, 236),
(11, 237),
(11, 240),
(11, 241),
(11, 242),
(11, 243),
(9, 244),
(10, 244),
(11, 244),
(9, 245),
(10, 245),
(11, 245),
(9, 246),
(10, 246),
(11, 246),
(11, 247),
(11, 248),
(11, 249),
(11, 250),
(11, 252),
(9, 201),
(10, 201),
(11, 201),
(9, 202),
(10, 202),
(11, 202),
(9, 213),
(10, 213),
(11, 213),
(9, 212),
(10, 212),
(11, 212),
(9, 211),
(10, 211),
(11, 211),
(9, 214),
(10, 214),
(11, 214),
(8, 195),
(9, 195),
(10, 195),
(11, 195),
(9, 198),
(10, 198),
(11, 198),
(9, 199),
(10, 199),
(11, 199),
(9, 200),
(10, 200),
(11, 200),
(11, 215),
(11, 216),
(9, 207),
(10, 207),
(11, 207),
(9, 208),
(10, 208),
(11, 208),
(9, 209),
(10, 209),
(11, 209),
(9, 210),
(10, 210),
(11, 210),
(11, 253),
(11, 155),
(11, 128),
(8, 114),
(11, 114),
(9, 254),
(10, 254),
(11, 254),
(9, 226),
(10, 226),
(11, 226),
(11, 163),
(8, 255),
(11, 255),
(11, 256),
(11, 257),
(11, 258),
(11, 259),
(11, 260),
(11, 261),
(11, 262),
(11, 263),
(11, 264),
(8, 265),
(9, 265),
(10, 265),
(11, 265),
(8, 97),
(11, 266),
(8, 96),
(11, 96),
(8, 189),
(9, 189),
(10, 189),
(11, 189),
(9, 188),
(10, 188),
(11, 188),
(8, 190),
(9, 190),
(10, 190),
(11, 190),
(9, 181),
(10, 181),
(11, 181),
(8, 179),
(9, 179),
(10, 179),
(11, 179),
(8, 180),
(9, 180),
(10, 180),
(11, 180),
(9, 144),
(10, 144),
(11, 144),
(9, 145),
(10, 145),
(11, 145),
(8, 88),
(9, 88),
(10, 88),
(11, 88),
(8, 95),
(11, 95),
(8, 104),
(11, 104),
(9, 221),
(10, 221),
(11, 221),
(8, 223),
(9, 223),
(10, 223),
(11, 223),
(8, 224),
(9, 224),
(10, 224),
(11, 224),
(11, 238),
(11, 239),
(11, 186),
(9, 204),
(10, 204),
(11, 204),
(9, 203),
(10, 203),
(11, 203),
(8, 205),
(9, 205),
(10, 205),
(11, 205),
(9, 217),
(10, 217),
(11, 217),
(9, 218),
(10, 218),
(11, 218),
(8, 219),
(9, 219),
(10, 219),
(11, 219),
(8, 220),
(9, 220),
(10, 220),
(11, 220),
(9, 102),
(10, 102),
(11, 102),
(9, 103),
(10, 103),
(11, 103),
(8, 94),
(11, 94),
(8, 127),
(11, 127);

-- --------------------------------------------------------

--
-- Table structure for table `mailingAddress`
--

CREATE TABLE IF NOT EXISTS `mailingAddress` (
  `addressID` int(11) NOT NULL AUTO_INCREMENT,
  `mailing1` varchar(256) NOT NULL,
  `mailing2` varchar(256) NOT NULL,
  `mailing3` varchar(256) NOT NULL,
  `mailing4` varchar(256) NOT NULL,
  `mailing5` varchar(256) NOT NULL,
  PRIMARY KEY (`addressID`),
  UNIQUE KEY `unique_index` (`mailing1`,`mailing2`,`mailing3`,`mailing4`,`mailing5`)
) ENGINE=InnoDB  DEFAULT CHARSET=latin1 AUTO_INCREMENT=191 ;

--
-- Dumping data for table `mailingAddress`
--

INSERT INTO `mailingAddress` (`addressID`, `mailing1`, `mailing2`, `mailing3`, `mailing4`, `mailing5`) VALUES
(167, '#2426, D-2, Vasant Kunj', 'New Delhi 110070', '', '', ''),
(140, '1 Horizon Drive ', 'Denville NJ 07834', '', '', ''),
(178, '1 Klockner Court', 'Lawrenceville, NJ 08648', '', '', ''),
(146, '10 Duchess Drive', 'Monroe, NJ 08831', '', '', ''),
(90, '10 Jacob Drive', 'Howell, NJ 07731', '', '', ''),
(181, '1018 Lukas Boulevard', 'Morganville, NJ 07751', '', '', ''),
(141, '102 Coffee Pointe Drive', 'Savannah, GA 31405', '', '', ''),
(148, '1025 Park Avenue', 'Cherry Hill, NJ 08002', '', '', ''),
(57, '1060 Tralee Drive', 'Toms River, NJ 08753', '', '', ''),
(164, '109 SECTOR 28', 'ARUN VIHAR, NOIDA 201303,  UP', '', '', ''),
(163, '109 SECTOR 28', 'ARUN VIHAR, NOIDA 201303, UP', '', '', ''),
(179, '11 Coniston Court', 'Princeton, NJ 08540', '', '', ''),
(84, '126 East Spring Street', 'Somerville, NJ 08876', '', '', ''),
(64, '12937 Summerwind Lane', 'Jacksonville, FL 32224', '', '', ''),
(145, '131 Willow Drive', 'Easton, PA 18045', '', '', ''),
(72, '14 Tazewell Street', 'Fredericksburg, VA 22405', '', '', ''),
(87, '1400 Azalea Drive', 'North Brunswick, NJ 08902', '', '', ''),
(85, '1437 Delaware Avenue', 'Toms River, NJ 08753', '', '', ''),
(173, '1459 Glenside Drive', 'Bolingbrook, IL 60490', '', '', ''),
(98, '1504 Blackrock Rd ', 'Swarthmore, PA 19081', '', '', ''),
(150, '1515 5th Ave N', 'Apt. 243', 'Nashville, TN 37209', '', ''),
(168, '16 Bazar Lane', 'Bengali Market, New Delhi 110001', '', '', ''),
(91, '16 Elm Street', 'Jackson, NJ 08527', '', '', ''),
(56, '16/16 Kormoranów', 'Gliwice 44-100', 'Poland', '', ''),
(138, '1607 Cypress Lane', 'East Brunswick, NJ 08816', '', '', ''),
(67, '1609 Route 23, Apartment 5', 'Butler, NJ 07405', '', '', ''),
(94, '161 Main Street, Apartment A', 'Little Falls, NJ 07424', '', '', ''),
(83, '166 Bowline Road', 'Manahawkin, NJ 08050', '', '', ''),
(81, '169 Yellowbank Road', 'Toms River, NJ 08753', '', '', ''),
(74, '1701 Lee Road', 'Winter Park, FL 32789', '', '', ''),
(136, '19 Matrick Court', 'Hillsborough, NJ 08844', '', '', ''),
(125, '1980 Baltimore Road', 'Whiting, NJ 08759', '', '', ''),
(61, '199 Grove St', 'Clifton, NJ 07013', '', '', ''),
(106, '199 Grove Street', 'Clifton, NJ 07013', '', '', ''),
(177, '2 Brule Terrace', 'Toronto, ON H6S 1H2', '', '', ''),
(156, '2 Manhattan Place', 'Cliffside Park, NJ 07010', '', '', ''),
(157, '201 West 21st Street', 'Apt 5F', 'New York, NY 10011', '', ''),
(159, '201-A GLADIOLI (OFF YARI ROAD)', 'VERSOVA, ANDHERI WEST', 'MUMBAI 400061', '', ''),
(149, '21 Foxboro Rd', 'Wayne, NJ 07470', '', '', ''),
(105, '21 Foxboro Road', 'Wayne, NJ 07470', '', '', ''),
(187, '22 Hirabagh Colony', 'Dayalbagh Post Office', 'Agra 282005', '', ''),
(129, '23 Moccasin Drive', 'Ephrata, PA 17522', '', '', ''),
(4, '230 Middlesex Road', 'Matawan, NJ 07747', '', '', ''),
(180, '2377 Tallapoosa Drive', 'Duluth, GA 30097', '', '', ''),
(152, '238A East Brinkerhoff Avenue', 'Palisades Park, NJ 07650', '', '', ''),
(144, '24 Rue Chagall', 'Somerset, NJ 08873', '', '', ''),
(109, '241 Grove Street', 'Randolph, MA 02368', '', '', ''),
(143, '242 Daventry Road', 'Cheylesmore', 'Coventry, CV35HN', 'United Kingdom', ''),
(65, '248 Church Lane', 'Wayne, NJ 07470', '', '', ''),
(99, '256 Hillside Ave', 'Cranford, NJ 07016', '', '', ''),
(137, '26 Castle Drive', 'Berkeley Heights, NJ 07922', '', '', ''),
(139, '26 Wetherhill Way', 'Dayton, NJ 08810', '', '', ''),
(133, '26-R Westminster Boulevard', 'South Amboy, NJ 08879', '', '', ''),
(190, '273 Middlesex Road', 'Matawan, NJ 07747', '', '', ''),
(119, '279 Gibson Ave', 'Warminster, PA 18974', '', '', ''),
(112, '30 Eagle Street', 'Selden, NY 11784', '', '', ''),
(151, '300 Parsippany Road', 'Apt 3H', 'Parsippany, NJ 07054', '', ''),
(170, '31 Todarmal Lane', 'Bengali Market', 'New Delhi 110001', '', ''),
(76, '31 Winding River Road', 'Toms River, NJ 08755', '', '', ''),
(175, '32946 Lisa Lane', 'Solan, OH 44139', '', '', ''),
(135, '35 W. Main Street', 'Apt 7N', 'Farmingdale, NJ 07727', '', ''),
(110, '3637 Pleasantdale Road', 'Apt. H12', 'Atlanta, GA 30340', '', ''),
(131, '366 Lakewood Road', 'New Egypt, NJ 08553', '', '', ''),
(169, '37 Todarmal Lane', 'Bengali Market, New Delhi 110001', '', '', ''),
(130, '38 Woodland Circle', 'Manalapan, NJ 07726', '', '', ''),
(176, '380 Columbia Street #2', 'Brooklyn, NJ 11231', '', '', ''),
(158, '39 Todarmal Lane', 'Bengali Market', 'New Delhi 110001', '', ''),
(82, '391 Costa Mesa Drive', 'Toms River, NJ 08757', '', '', ''),
(86, '4 Kent Court', 'Forked River, NJ 08731', '', '', ''),
(134, '4 Lexington Way', 'Long Valley, NJ 07853', '', '', ''),
(92, '4 Stillwell Court', 'Bridgewater, NJ 08807', '', '', ''),
(102, '401 Breckenridge', 'Wayne, NJ 07470', '', '', ''),
(78, '406 Avenue G', 'Matamoras PA, 18336', '', '', ''),
(186, '41 Madison Ave', 'Madison, NJ ', '', '', ''),
(124, '45 Nancy Lane', 'Barnegat, NJ 08005', '', '', ''),
(153, '46 Canal Street', 'Apt 2r', 'New York, NY 10002', '', ''),
(120, '4630 Pechin Street', 'Philadlphia, PA 19128', '', '', ''),
(122, '468 Stueben Avenue', 'Forked River, NJ 08731', '', '', ''),
(123, '47 Yellowstone Lane', 'Howell, NJ 07731', '', '', ''),
(128, '472 Route 739', 'Hawley, PA 18428', '', '', ''),
(62, '5 des huards', 'Verdun, Quebec H3e 1x9', 'Canada', '', ''),
(174, '5 Rue De Huards', 'Verdun, QC H3E 1X9', 'Canada', '', ''),
(71, '50 North Orchard Street', 'Manville, NJ 08835', '', '', ''),
(104, '513 S. Dodson Road #M7', 'Rogers, AR 72758', '', '', ''),
(189, '531 Mt. Prospect Avenue', 'Clifton, NJ 07012', '', '', ''),
(188, '5310 Kaywood Court', 'Fairfax, VA 22032', '', '', ''),
(73, '549 West Walnut Street', 'Lancaster, PA 17603', '', '', ''),
(142, '5926 Kendrix Woods Court', 'Sugar Hill, GA 30518', '', '', ''),
(75, '595 Route 507', 'Paupack, PA 18451', '', '', ''),
(68, '5999 Rotondo Place NW', 'Norcross, GA 30093', '', '', ''),
(77, '663 Route 739 Apt #4', 'Lords Valley, PA 18428', '', '', ''),
(107, '7 Linden Lane', 'Wayne, NJ 07470', '', '', ''),
(126, '700 Burr Street', 'Fairfield, CT 06824', '', '', ''),
(93, '705 Clark Street', 'Westfield, NJ 07090', '', '', ''),
(118, '73-07 189th Street', 'Fresh Meadows, NY 11366', '', '', ''),
(66, '7630 Geary Blvd Apt 301', 'San Francisco, CA 94121', '', '', ''),
(111, '7630 Geary Blvd. Apt 301', 'San Francisco, CA 94121', '', '', ''),
(108, '774 E 225th Street Apt 2G', 'Bronx, NY 10466', '', '', ''),
(95, '78 Agawam Drive', 'Wayne, NJ 07470', '', '', ''),
(89, '8 Burnet Street', 'Avenel, NJ 07001', '', '', ''),
(154, '851 Springfield Avenue', 'Bldg 23 Apt 207', 'Summit, NJ 07901', '', ''),
(147, '888 Graystone Circle', 'Northampton, PA 18067', '', '', ''),
(63, '901 Buena Vista Rd', 'Forked River, NJ 08731', '', '', ''),
(79, '901 Buena Vista Road', 'Forked River, NJ 08731', '', '', ''),
(88, '903 Summerfield Avenue', 'Asbury Park, NJ 07712', '', '', ''),
(155, '917 Summit Avenue', 'Union City, NJ 07087', '', '', ''),
(3, '95 Point View Parkway', 'Wayne, NJ 07470', '', '', ''),
(113, '951 S. Vine Street', 'Chandler, AZ 85225', '', '', ''),
(96, '96 Laurelwood Court', 'Rockaway, NJ 07866', '', '', ''),
(171, 'A-80, NSG Society', '(Black Cat Enclave), Plot no. 2, Pocket-6, Builder''s Area', 'Greater Noida- 201308, U.P.', '', ''),
(161, 'B 5 / 113 SAFDURJUNG ENCLAVE', 'NEW DELHI - 110029', '', '', ''),
(184, 'B-504 GOPAL DARSHAN CHS LTD.', 'INDRALOK PHASE - BHAYANDER (EAST)', 'MUMBAI - 401105', '', ''),
(160, 'F - 18/16, SECTOR 8', 'ROHINI, DELHI - 110085', '', '', ''),
(162, 'F 3 EAST OF KAILASH', 'NEW DELHI - 110065', '', '', ''),
(166, 'Flat no. K-204 Clarence Block', 'Purva Fountain Square', 'Marathahalli, Bangalore 560037', '', ''),
(172, 'J-12 Sarita Vihar', 'New Delhi 110076', '', '', ''),
(182, 'Kukky''s Palace', 'No. 6, Door 104', '6th Cross, 4th Main', 'NS PALAYA', 'Bangalore - 560076'),
(183, 'NIVEDYAM', 'SANATHANAPURAM P.O.', 'ALAPPUZHA', 'KALARCODE', 'KERELA - 688003'),
(185, 'no address 1', '', '', '', ''),
(121, 'Post Office Box 803', 'Chincoteague VA, 23336', '', '', ''),
(115, 'Rutger Fuchsgatan 7A', '116 67 Stockholm', 'Sweden', '', ''),
(116, 'SW 94th Terrace', 'Pembroke Pines, FL 33025', '', '', ''),
(165, 'UDITA APT. UD 07/304', 'SAPTAMI,', '1050/01 SURVEY PARK', 'KOLKATA 700075', 'WEST BENGAL');

-- --------------------------------------------------------

--
-- Table structure for table `music`
--

CREATE TABLE IF NOT EXISTS `music` (
  `guestID` int(11) NOT NULL,
  `songTitle` longtext NOT NULL,
  PRIMARY KEY (`guestID`)
) ENGINE=InnoDB DEFAULT CHARSET=latin1;

--
-- Dumping data for table `music`
--

INSERT INTO `music` (`guestID`, `songTitle`) VALUES
(29, ''),
(140, 'dfsdf');

-- --------------------------------------------------------

--
-- Table structure for table `propertyList`
--

CREATE TABLE IF NOT EXISTS `propertyList` (
  `propertyID` int(11) NOT NULL AUTO_INCREMENT,
  `propertyName` varchar(512) NOT NULL,
  `invitation` tinyint(1) NOT NULL,
  PRIMARY KEY (`propertyID`)
) ENGINE=InnoDB  DEFAULT CHARSET=latin1 AUTO_INCREMENT=15 ;

--
-- Dumping data for table `propertyList`
--

INSERT INTO `propertyList` (`propertyID`, `propertyName`, `invitation`) VALUES
(2, 'Staying at W Hotel', 0),
(3, 'Staying at Sheraton Hotel', 0),
(6, 'Included in Wedding Party', 0),
(8, 'Bringing A Guest', 1),
(9, 'Attending Mehndi Ceremony', 1),
(10, 'Attending Rehearsal Dinner', 1),
(11, 'After Party', 1),
(12, 'responded', 0),
(14, 'wedding', 0);

-- --------------------------------------------------------

--
-- Table structure for table `response`
--

CREATE TABLE IF NOT EXISTS `response` (
  `responseID` int(11) NOT NULL AUTO_INCREMENT,
  `guestID` int(11) NOT NULL,
  `eventID` int(11) NOT NULL,
  PRIMARY KEY (`responseID`)
) ENGINE=InnoDB  DEFAULT CHARSET=latin1 AUTO_INCREMENT=39 ;

-- --------------------------------------------------------

--
-- Table structure for table `titles`
--

CREATE TABLE IF NOT EXISTS `titles` (
  `titleID` int(11) NOT NULL AUTO_INCREMENT,
  `titleName` varchar(20) NOT NULL,
  PRIMARY KEY (`titleID`)
) ENGINE=InnoDB  DEFAULT CHARSET=latin1 AUTO_INCREMENT=9 ;

--
-- Dumping data for table `titles`
--

INSERT INTO `titles` (`titleID`, `titleName`) VALUES
(1, 'Mr.'),
(2, 'Mrs.'),
(3, 'Miss'),
(4, 'Ms.'),
(5, 'Master'),
(6, 'Doctor'),
(7, 'Smt.'),
(8, 'Dr.');

/*!40101 SET CHARACTER_SET_CLIENT=@OLD_CHARACTER_SET_CLIENT */;
/*!40101 SET CHARACTER_SET_RESULTS=@OLD_CHARACTER_SET_RESULTS */;
/*!40101 SET COLLATION_CONNECTION=@OLD_COLLATION_CONNECTION */;
